Workbook
Name Slicer_Category: #N/A
Name Slicer_Country: #N/A

Sheet Pivottable
A3: Category | B3: Sum of Revenue | D3: Country | E3: Sum of Revenue | G3: Order | H3: Sum of Revenue | I3: 1. The product category with the highest revenue is Electronics
A4: Beauty | B4: 49960.63 | D4: Canada | E4: 57774.68 | G4: ORD0053 | H4: 2166.4 | I4: 2. Product_24 is performing best while product_8 is performing worst
A5: Clothing | B5: 37792.22 | D5: India | E5: 51405.48 | G5: ORD0072 | H5: 2261 | I5: 3. United Kingdom contributed most to sales
A6: Electronics | B6: 74267.19 | D6: United Kingdom | E6: 86879.59 | G6: ORD0172 | H6: 2166.4 | I6: 4. The month of March has a notable trend
A7: Home | B7: 42451.15 | D7: United States | E7: 53254.9 | G7: ORD0203 | H7: 2261 | I7: 5. Run promotions or loyalty programs tailored to UK customers. Review product_8's pricing or promotion strategy. Capitalize on March sales trend for electronics
A8: Sports | B8: 44843.46 | D8: Grand Total | E8: 249314.65 | G8: ORD0360 | H8: 2261
A9: Grand Total | B9: 249314.65 | G9: Grand Total | H9: 11115.8
A12: Order | B12: Sum of Revenue | D12: ProductName | E12: Sum of SalesAmount | G12: Sum of SalesAmount | H12: Sum of Quantity
A13: Jan | B13: 38121.72 | D13: Product_10 | E13: 14731.52 | G13: 249314.65 | H13: 1080
A14: Feb | B14: 36272.57 | D14: Product_13 | E14: 14482.44
A15: Mar | B15: 52091.57 | D15: Product_24 | E15: 19444.6
A16: Apr | B16: 37290.87 | D16: Product_3 | E16: 12836.4
A17: May | B17: 33711.56 | D17: Product_8 | E17: 11651.5
A18: Jun | B18: 51826.36 | D18: Grand Total | E18: 73146.46
A19: Grand Total | B19: 249314.65

Sheet Dashboard
A1: Bildad Yohanna
A2: DA/2025/TC5/141

Sheet Sales
A1: OrderID | B1: OrderDate | C1: CustomerID | D1: ProductID | E1: Quantity | F1: SalesAmount | G1: Category | H1: UnitPrice | I1: Country | J1: Revenue
A2: ORD0001 | B2: 45302 | C2: CUST115 | D2: PROD020 | E2: 5 | F2: 2098.25 | G2: =_xlfn.XLOOKUP($D$1:$D$361,Products!$A$1:$A$41,Products!$C$1:$C$41) -> Sports | H2: =_xlfn.XLOOKUP(Sales!D:D,Products!A:A,Products!D:D) -> 419.65 | I2: =_xlfn.XLOOKUP(Table1[[#This Row],[CustomerID]],Customer_info!A:A,Customer_info!D:D) -> Canada | J2: =Table1[[#This Row],[Quantity]]*Table1[[#This Row],[UnitPrice]] -> 2098.25
A3: ORD0002 | B3: 45312 | C3: CUST077 | D3: PROD032 | E3: 5 | F3: 199.35 | G3: =_xlfn.XLOOKUP($D$1:$D$361,Products!$A$1:$A$41,Products!$C$1:$C$41) -> Sports | H3: =_xlfn.XLOOKUP(Sales!D:D,Products!A:A,Products!D:D) -> 39.87 | I3: =_xlfn.XLOOKUP(Table1[[#This Row],[CustomerID]],Customer_info!A:A,Customer_info!D:D) -> India | J3: =Table1[[#This Row],[Quantity]]*Table1[[#This Row],[UnitPrice]] -> 199.35
A4: ORD0003 | B4: 45460 | C4: CUST091 | D4: PROD017 | E4: 4 | F4: 946.76 | G4: =_xlfn.XLOOKUP($D$1:$D$361,Products!$A$1:$A$41,Products!$C$1:$C$41) -> Home | H4: =_xlfn.XLOOKUP(Sales!D:D,Products!A:A,Products!D:D) -> 236.69 | I4: =_xlfn.XLOOKUP(Table1[[#This Row],[CustomerID]],Customer_info!A:A,Customer_info!D:D) -> Canada | J4: =Table1[[#This Row],[Quantity]]*Table1[[#This Row],[UnitPrice]] -> 946.76
A5: ORD0004 | B5: 45436 | C5: CUST097 | D5: PROD006 | E5: 5 | F5: 1972.3 | G5: =_xlfn.XLOOKUP($D$1:$D$361,Products!$A$1:$A$41,Products!$C$1:$C$41) -> Clothing | H5: =_xlfn.XLOOKUP(Sales!D:D,Products!A:A,Products!D:D) -> 394.46 | I5: =_xlfn.XLOOKUP(Table1[[#This Row],[CustomerID]],Customer_info!A:A,Customer_info!D:D) -> Canada | J5: =Table1[[#This Row],[Quantity]]*Table1[[#This Row],[UnitPrice]] -> 1972.3
A6: ORD0005 | B6: 45372 | C6: CUST018 | D6: PROD039 | E6: 5 | F6: 1039.25 | G6: =_xlfn.XLOOKUP($D$1:$D$361,Products!$A$1:$A$41,Products!$C$1:$C$41) -> Clothing | H6: =_xlfn.XLOOKUP(Sales!D:D,Products!A:A,Products!D:D) -> 207.85 | I6: =_xlfn.XLOOKUP(Table1[[#This Row],[CustomerID]],Customer_info!A:A,Customer_info!D:D) -> United States | J6: =Table1[[#This Row],[Quantity]]*Table1[[#This Row],[UnitPrice]] -> 1039.25
A7: ORD0006 | B7: 45344 | C7: CUST038 | D7: PROD007 | E7: 3 | F7: 309.9 | G7: =_xlfn.XLOOKUP($D$1:$D$361,Products!$A$1:$A$41,Products!$C$1:$C$41) -> Beauty | H7: =_xlfn.XLOOKUP(Sales!D:D,Products!A:A,Products!D:D) -> 103.3 | I7: =_xlfn.XLOOKUP(Table1[[#This Row],[CustomerID]],Customer_info!A:A,Customer_info!D:D) -> United States | J7: =Table1[[#This Row],[Quantity]]*Table1[[#This Row],[UnitPrice]] -> 309.9
A8: ORD0007 | B8: 45353 | C8: CUST060 | D8: PROD027 | E8: 3 | F8: 449.31 | G8: =_xlfn.XLOOKUP($D$1:$D$361,Products!$A$1:$A$41,Products!$C$1:$C$41) -> Beauty | H8: =_xlfn.XLOOKUP(Sales!D:D,Products!A:A,Products!D:D) -> 149.77 | I8: =_xlfn.XLOOKUP(Table1[[#This Row],[CustomerID]],Customer_info!A:A,Customer_info!D:D) -> United Kingdom | J8: =Table1[[#This Row],[Quantity]]*Table1[[#This Row],[UnitPrice]] -> 449.31
A9: ORD0008 | B9: 45393 | C9: CUST115 | D9: PROD024 | E9: 3 | F9: 1356.6 | G9: =_xlfn.XLOOKUP($D$1:$D$361,Products!$A$1:$A$41,Products!$C$1:$C$41) -> Beauty | H9: =_xlfn.XLOOKUP(Sales!D:D,Products!A:A,Products!D:D) -> 452.2 | I9: =_xlfn.XLOOKUP(Table1[[#This Row],[CustomerID]],Customer_info!A:A,Customer_info!D:D) -> Canada | J9: =Table1[[#This Row],[Quantity]]*Table1[[#This Row],[UnitPrice]] -> 1356.6
A10: ORD0009 | B10: 45463 | C10: CUST006 | D10: PROD024 | E10: 2 | F10: 904.4 | G10: =_xlfn.XLOOKUP($D$1:$D$361,Products!$A$1:$A$41,Products!$C$1:$C$41) -> Beauty | H10: =_xlfn.XLOOKUP(Sales!D:D,Products!A:A,Products!D:D) -> 452.2 | I10: =_xlfn.XLOOKUP(Table1[[#This Row],[CustomerID]],Customer_info!A:A,Customer_info!D:D) -> United Kingdom | J10: =Table1[[#This Row],[Quantity]]*Table1[[#This Row],[UnitPrice]] -> 904.4
A11: ORD0010 | B11: 45409 | C11: CUST021 | D11: PROD006 | E11: 3 | F11: 1183.38 | G11: =_xlfn.XLOOKUP($D$1:$D$361,Products!$A$1:$A$41,Products!$C$1:$C$41) -> Clothing | H11: =_xlfn.XLOOKUP(Sales!D:D,Products!A:A,Products!D:D) -> 394.46 | I11: =_xlfn.XLOOKUP(Table1[[#This Row],[CustomerID]],Customer_info!A:A,Customer_info!D:D) -> United Kingdom | J11: =Table1[[#This Row],[Quantity]]*Table1[[#This Row],[UnitPrice]] -> 1183.38
A12: ORD0011 | B12: 45310 | C12: CUST041 | D12: PROD005 | E12: 3 | F12: 877.02 | G12: =_xlfn.XLOOKUP($D$1:$D$361,Products!$A$1:$A$41,Products!$C$1:$C$41) -> Sports | H12: =_xlfn.XLOOKUP(Sales!D:D,Products!A:A,Products!D:D) -> 292.34 | I12: =_xlfn.XLOOKUP(Table1[[#This Row],[CustomerID]],Customer_info!A:A,Customer_info!D:D) -> United States | J12: =Table1[[#This Row],[Quantity]]*Table1[[#This Row],[UnitPrice]] -> 877.02
A13: ORD0012 | B13: 45409 | C13: CUST110 | D13: PROD028 | E13: 1 | F13: 334.32 | G13: =_xlfn.XLOOKUP($D$1:$D$361,Products!$A$1:$A$41,Products!$C$1:$C$41) -> Sports | H13: =_xlfn.XLOOKUP(Sales!D:D,Products!A:A,Products!D:D) -> 334.32 | I13: =_xlfn.XLOOKUP(Table1[[#This Row],[CustomerID]],Customer_info!A:A,Customer_info!D:D) -> United States | J13: =Table1[[#This Row],[Quantity]]*Table1[[#This Row],[UnitPrice]] -> 334.32
... A361: ORD0360 | B361: 45295 | C361: CUST103 | D361: PROD024 | E361: 5 | F361: 2261 | G361: =_xlfn.XLOOKUP($D$1:$D$361,Products!$A$1:$A$41,Products!$C$1:$C$41) -> Beauty | H361: =_xlfn.XLOOKUP(Sales!D:D,Products!A:A,Products!D:D) -> 452.2 | I361: =_xlfn.XLOOKUP(Table1[[#This Row],[CustomerID]],Customer_info!A:A,Customer_info!D:D) -> United States | J361: =Table1[[#This Row],[Quantity]]*Table1[[#This Row],[UnitPrice]] -> 2261
E362: =SUM(E2:E361) -> 1080 | F362: =AVERAGE(F2:F361) -> 692.54069 | G362: =SUMIF(G2:G361,"Beauty", J2:J361) -> 49960.63 | J362: =SUM(J2:J361) -> 249314.65
G363: =SUMIF(G2:G361,"Clothing", J2:J361) -> 37792.22
G364: =SUMIF(G2:G361,"Electronics", J2:J361) -> 74267.19
G365: =SUMIF(G2:G361,"Home",J2:J361) -> 42451.15
G366: =SUMIF(G2:G361,"Sports", J2:J361) -> 44843.46

Sheet Products
A1: ProductID | B1: ProductName | C1: Category | D1: UnitPrice
A2: PROD001 | B2: Product_1 | C2: Electronics | D2: 431.22
A3: PROD002 | B3: Product_2 | C3: Electronics | D3: 261.94
A4: PROD003 | B4: Product_3 | C4: Home | D4: 337.8
A5: PROD004 | B5: Product_4 | C5: Clothing | D5: 274.22
A6: PROD005 | B6: Product_5 | C6: Sports | D6: 292.34
A7: PROD006 | B7: Product_6 | C7: Clothing | D7: 394.46
A8: PROD007 | B8: Product_7 | C8: Beauty | D8: 103.3
A9: PROD008 | B9: Product_8 | C9: Electronics | D9: 332.9
A10: PROD009 | B10: Product_9 | C10: Home | D10: 217.55
A11: PROD010 | B11: Product_10 | C11: Beauty | D11: 433.28
A12: PROD011 | B12: Product_11 | C12: Electronics | D12: 339.95
A13: PROD012 | B13: Product_12 | C13: Electronics | D13: 39.7
... A41: PROD040 | B41: Product_40 | C41: Sports | D41: 130.65

Sheet Customer_info
A1: CustomerID | B1: CustomerName | C1: Email | D1: Country | E1: SignupDate
A2: CUST001 | B2: Customer_1 | C2: customer1@email.com | D2: India | E2: 44984
A3: CUST002 | B3: Customer_2 | C3: customer2@email.com | D3: United Kingdom | E3: 45067
A4: CUST003 | B4: Customer_3 | C4: customer3@email.com | D4: United Kingdom | E4: 45041
A5: CUST004 | B5: Customer_4 | C5: customer4@email.com | D5: United Kingdom | E5: 44979
A6: CUST005 | B6: Customer_5 | C6: customer5@email.com | D6: India | E6: 45206
A7: CUST006 | B7: Customer_6 | C7: customer6@email.com | D7: United Kingdom | E7: 45229
A8: CUST007 | B8: Customer_7 | C8: customer7@email.com | D8: United States | E8: 44943
A9: CUST008 | B9: Customer_8 | C9: customer8@email.com | D9: United Kingdom | E9: 44974
A10: CUST009 | B10: Customer_9 | C10: customer9@email.com | D10: United Kingdom | E10: 45046
A11: CUST010 | B11: Customer_10 | C11: customer10@email.com | D11: Canada | E11: 45235
A12: CUST011 | B12: Customer_11 | C12: customer11@email.com | D12: United Kingdom | E12: 45214
A13: CUST012 | B13: Customer_12 | C13: customer12@email.com | D13: United Kingdom | E13: 45259
... A121: CUST120 | B121: Customer_120 | C121: customer120@email.com | D121: United Kingdom | E121: 44961
